Status,Solve,Objval
OPTIMAL,2335.735734939575,149265.9421979027
