Fuel,AnnualSum
QL_CO,0.0
NSW_CO,0.0
QL_GA,3.2809456841904975e7
QL_BI,6.050600022736495e-10
QL_DI,0.0
NSW_GA,3.4917312717247024e7
NSW_BI,0.0
NSW_DI,0.0
VIC_CO,0.0
VIC_GA,2.4334193955472127e7
VIC_BI,0.0
VIC_DI,0.0
SA_GA,7.389589299095605e6
SA_DI,0.0
SA_BI,0.0
TAS_GA,5.4425081199000785e6
TAS_DI,0.0
TAS_BI,0.0
None,0.0
