Fuel,AnnualSum
QL_CO,1.0603282810395178e8
NSW_CO,1.1535278952543008e8
QL_GA,0.0
QL_BI,0.0
QL_DI,0.0
NSW_GA,3.2493844342507333e7
NSW_BI,0.0
NSW_DI,0.0
VIC_CO,5.530032725421548e7
VIC_GA,4.852331267062627e7
VIC_BI,0.0
VIC_DI,0.0
SA_GA,4.455674040919393e7
SA_DI,0.0
SA_BI,0.0
TAS_GA,2.2403070624099143e7
TAS_DI,0.0
TAS_BI,0.0
None,0.0
