Costs,TotalCosts_p1,TotalCosts_p2,TotalCosts_p3
cFix,8.601165705077606e10,7.667418838926605e10,3.697533496031799e10
cVar,1.9983967784808292e9,1.896897996003215e9,5.3149162012342006e8
cFuel,3.0041167086943426e9,1.7784442481688423e9,4.5398527123061633e8
cNSE,0.0,0.0,0.0
cStart,0.0,0.0,0.0
cUnmetRsv,0.0,0.0,0.0
cNetworkExp,3.1793391891650414e9,9.006204786721268e9,2.801777473737481e9
cUnmetPolicyPenalty,0.0,0.0,0.0
cCO2,0.0,0.0,0.0
