Fuel,AnnualSum
QL_CO,0.0
NSW_CO,0.0
QL_GA,6.793563161207768e7
QL_BI,0.0
QL_DI,0.0
NSW_GA,7.717878041134179e7
NSW_BI,0.0
NSW_DI,0.0
VIC_CO,0.0
VIC_GA,5.401523473457591e7
VIC_BI,0.0
VIC_DI,0.0
SA_GA,1.6990688993123412e7
SA_DI,0.0
SA_BI,0.0
TAS_GA,1.3944995554461563e7
TAS_DI,0.0
TAS_BI,0.0
None,0.0
