Status,Solve,Objval
OPTIMAL,731.7419807910919,144531.6478891124
