Status,Solve,Objval
OPTIMAL,0.06425213813781738,233605.4037978613
