Fuel,AnnualSum
QL_CO,0.0
NSW_CO,0.0
QL_GA,6.917871375007929e7
QL_BI,0.0
QL_DI,0.0
NSW_GA,8.01806709670124e7
NSW_BI,0.0
NSW_DI,0.0
VIC_CO,0.0
VIC_GA,5.5577562249839984e7
VIC_BI,0.0
VIC_DI,0.0
SA_GA,1.71469951067056e7
SA_DI,0.0
SA_BI,0.0
TAS_GA,1.4113022396348301e7
TAS_DI,0.0
TAS_BI,0.0
None,0.0
