Status,Solve,Objval
OPTIMAL,3057.794523000717,173631.1099739567
