Status,Solve,Objval
OPTIMAL,0.026318073272705078,266824.72206026525
