Status,Solve,Objval
OPTIMAL,2615.7302300930023,37113.95429151588
