Fuel,AnnualSum
QL_CO,0.0
NSW_CO,0.0
QL_GA,3.3368854340890866e7
QL_BI,0.0
QL_DI,0.0
NSW_GA,3.634186072240098e7
NSW_BI,0.0
NSW_DI,0.0
VIC_CO,0.0
VIC_GA,2.3543044159503512e7
VIC_BI,0.0
VIC_DI,0.0
SA_GA,7.738263168321394e6
SA_DI,0.0
SA_BI,0.0
TAS_GA,5.592186999033298e6
TAS_DI,0.0
TAS_BI,0.0
None,0.0
