Status,Solve,Objval
OPTIMAL,7839.213398933411,40644.300036642446
