Fuel,AnnualSum
QL_CO,0.0
NSW_CO,0.0
QL_GA,3.4259568263707384e7
QL_BI,0.0
QL_DI,0.0
NSW_GA,3.48199794406669e7
NSW_BI,0.0
NSW_DI,0.0
VIC_CO,0.0
VIC_GA,2.2758024156351022e7
VIC_BI,0.0
VIC_DI,0.0
SA_GA,7.52920663642411e6
SA_DI,0.0
SA_BI,0.0
TAS_GA,5.510251814298467e6
TAS_DI,0.0
TAS_BI,0.0
None,0.0
