Status,Solve,Objval
OPTIMAL,8179.479370832443,43753.37575120863
