Costs,TotalCosts_p1,TotalCosts_p2,TotalCosts_p3
cFix,6.905509299288475e10,9.439575548818893e10,2.776833488315969e10
cVar,1.7527607833904295e9,1.7819819715921674e9,5.527503094553713e8
cFuel,2.676212930297287e9,1.739565204892073e9,4.543123847816474e8
cNSE,0.0,0.0,0.0
cStart,0.0,0.0,0.0
cUnmetRsv,0.0,0.0,0.0
cNetworkExp,1.9121915038531008e9,2.9473582339554706e9,5.360874768571308e9
cUnmetPolicyPenalty,0.0,0.0,0.0
cCO2,0.0,0.0,0.0
