Fuel,AnnualSum
QL_CO,4.744805312227807e7
NSW_CO,2.9749888995672923e7
QL_GA,3.979925545353261e7
QL_BI,0.0
QL_DI,0.0
NSW_GA,1.0411880123869929e8
NSW_BI,0.0
NSW_DI,0.0
VIC_CO,0.0
VIC_GA,9.895702621150011e7
VIC_BI,0.0
VIC_DI,0.0
SA_GA,3.042189616161057e7
SA_DI,0.0
SA_BI,0.0
TAS_GA,1.9344449324167006e7
TAS_DI,0.0
TAS_BI,0.0
None,0.0
