Status,Solve,Objval
OPTIMAL,0.049432992935180664,248879.3285156464
