Fuel,AnnualSum
QL_CO,0.0
NSW_CO,0.0
QL_GA,6.752099857764038e7
QL_BI,0.0
QL_DI,0.0
NSW_GA,7.449224903541051e7
NSW_BI,0.0
NSW_DI,0.0
VIC_CO,0.0
VIC_GA,5.503139510536987e7
VIC_BI,0.0
VIC_DI,0.0
SA_GA,1.6792221935067028e7
SA_DI,0.0
SA_BI,0.0
TAS_GA,1.1542741624177443e7
TAS_DI,0.0
TAS_BI,0.0
None,0.0
